country,purchasing_power_parity_usd,foreign_exchange_and_gold_reserves_usd,defense_budget_usd,external_debt_usd,total_land_area_sq_km,coastline_coverage_km,border_coverage_km,waterway_coverage_km,total_population,available_manpower,fit_for_service,population_reaching_military_age_annually,active_personnel,reserve_personnel,paramilitary,total_military_aircraft,fighter_aircraft,attack_aircraft,transport_aircraft,trainer_aircraft,special_mission_aircraft,tanker_aircraft,total_military_helicopters,tanks,self_propelled_artillery,towed_artillery,aircraft_carriers,helicopter_carriers,destroyers,frigates,corvettes,submarines,coastal_patrol_craft,mine_warfare_craft,oil_production_bbl,oil_consumption_bbl,natural_gas_production_cum,natural_gas_consumption_cum,coal_production_cum,coal_consumption_mt,labour_force,total_merchant_marine_fleet,major_ports_and_terminals,total_serviceable_airports,roadway_coverage_km,railway_coverage_km,country_id,power_index_rank,power_index_score,name,alpha-2,alpha-3,country-code,iso_3166-2,region,sub-region,intermediate-region,region-code,sub-region-code,intermediate-region-code,gdp_rank,total_assets,assets_per_capita,budget_to_gdp_ratio,power_index_rank_gap
United States,2.5676E+13,9.10037E+11,8.315E+11,2.45389E+13,9833517,19924,12002,41009,341963408,150463900,124816644,4445524,1333030,799500,0,9774,1343,695,688,1958,458,458,768,3500,1141,1409,11,9,83,0,27,66,0,4,20953000,20307000,1.029E+12,9.14301E+11,534234000,495156000,174174000,3533,666,16116,6586610,293564,united-states-of-america,1,0.0741,United States,US,USA,840,ISO 3166-2:US,Americas,Northern America,,19,21,,2,13470,3.93902E-05,0.032384328,-1
Russia,6.089E+12,5.97217E+11,2.12638E+11,2.26476E+11,17098242,37653,22407,102000,140820810,69002197,46189226,1267387,1320000,2000000,250000,2754,560,454,298,345,89,12,361,3941,2522,4144,1,0,13,12,79,66,70,45,10879000,3863000,6.1783E+11,4.72239E+11,531130000,290763000,72517000,2910,67,905,1283387,85494,russia,2,0.0791,Russia,RU,RUS,643,ISO 3166-2:RU,Europe,Eastern Europe,,150,151,,4,6866,4.8757E-05,0.034921707,-2
China,3.3598E+13,3.456E+12,3.03E+11,4.88114E+11,9596960,14500,22457,27700,1415043270,764123366,626864169,19810606,2035000,510000,625000,2647,1082,278,215,301,79,7,211,4696,2352,1120,3,4,53,46,50,61,150,36,4984000,16189000,2.25341E+11,3.6616E+11,4805000000,5191000000,773880000,8314,66,552,5200000,150000,china,3,0.0919,China,CN,CHN,156,ISO 3166-2:CN,Asia,Eastern Asia,,142,30,,1,7560,5.34259E-06,0.009018394,2
India,1.4244E+13,6.43043E+11,1.09E+11,2.12728E+11,3287263,7000,13888,14500,1409128296,662290299,522786598,23955181,1431000,1000000,2527000,1637,357,93,208,251,54,5,59,2935,75,4230,2,0,13,18,21,18,146,0,822000,5271000,33170000000,58867000000,1020000000,1262000000,607691000,1859,56,315,6371847,65554,india,4,0.1346,India,IN,IND,356,ISO 3166-2:IN,Asia,Southern Asia,,142,34,,3,4644,3.29565E-06,0.007652345,1
South Korea,2.607E+12,4.18219E+11,44800000000,5.53871E+11,99720,2413,237,1600,52081799,26040900,21353538,416654,450000,3100000,120000,1078,169,69,28,235,25,3,79,1282,1946,4060,0,2,14,18,3,22,96,14,38000,2542000,55127000,59480000000,16081000,136817000,29713000,2149,15,92,100428,3979,south-korea,5,0.1642,South Korea,KP,PRK,408,ISO 3166-2:KP,Asia,Eastern Asia,,142,30,,14,2419,4.64462E-05,0.017184503,-9
France,3.732E+12,2.82857E+11,67232395000,7.69132E+12,643801,4853,4072,8501,68374591,30084820,23794358,752121,264000,43444,150000,779,178,0,94,112,35,12,54,342,59,0,1,3,11,5,0,9,22,19,80000,1536000,20132000,37001000000,2157000,12570000,31725000,553,66,1218,1053215,27860,france,6,0.1798,France,FR,FRA,250,ISO 3166-2:FR,Europe,Western Europe,,150,155,,9,1150,1.68191E-05,0.018015111,-3
Japan,5.715E+12,1.231E+12,58000000000,5.14767E+12,377915,29751,145,1770,123201945,52976836,42874277,1108818,251500,56000,25000,1143,174,38,42,319,108,8,94,587,154,384,0,4,41,8,0,23,6,18,8000,3140000,2220000000,92843000000,27657000,197612000,69382000,5229,163,280,1218772,27311,japan,7,0.1876,Japan,JP,JPN,392,ISO 3166-2:JP,Asia,Eastern Asia,,142,30,,5,1806,1.46589E-05,0.010148731,2
United Kingdom,3.636E+12,1.74598E+11,88526529585,1.05531E+13,243610,12429,499,3200,68459055,31491165,25192932,753050,141330,31940,0,406,67,25,20,131,19,6,33,187,9,82,2,0,6,7,0,10,26,8,753000,1406000,37758000000,70141000000,1568000,7372000,35359000,868,185,1057,416461,16390,united-kingdom,8,0.1881,United Kingdom,GB,GBR,826,ISO 3166-2:GB,Europe,Northern Europe,,150,154,,10,618,9.02729E-06,0.02434723,-2
Turkiye,3.018E+12,1.54744E+11,51400000000,1.49654E+11,783562,7200,2816,1200,84119531,42985080,36087279,1430032,481000,380000,150000,771,141,0,59,211,19,5,78,1599,732,445,0,1,0,17,9,14,40,11,83000,1107000,379701000,52887000000,82534000,124183000,36081000,1170,54,116,68526,11497,turkey,9,0.1975,,,,,,,,,,,,12,2411,2.86616E-05,0.017031146,-3
Italy,3.133E+12,2.90547E+11,37325165000,3.025E+12,301340,7600,1836,2400,60964931,27434219,22191235,548684,165500,18300,105000,500,62,46,22,106,15,6,26,142,45,76,2,0,3,14,0,8,15,10,111000,1245000,3117000000,68735000000,1572000,12424000,25828000,1276,123,655,228863,18475,italy,10,0.2211,Italy,IT,ITA,380,ISO 3166-2:IT,Europe,Southern Europe,,150,39,,11,669,1.09735E-05,0.011913554,-1
Brazil,4.165E+12,3.29732E+11,26400000000,1.98582E+11,8515770,7491,16145,50000,220051512,112226271,88680759,3520824,376000,1340000,200000,322,29,20,70,81,16,0,0,191,97,268,0,1,0,8,2,6,22,4,4221000,3163000,22670000000,31654000000,15556000,32223000,106790000,888,45,5297,2000000,29850,brazil,11,0.2374,Brazil,BR,BRA,76,ISO 3166-2:BR,Americas,Latin America and the Caribbean,South America,19,419,5,7,530,2.40853E-06,0.006338535,4
Germany,5.247E+12,3.77936E+11,1.274E+11,6.86247E+12,357022,2389,3694,7300,84119100,38694786,30955829,841191,184324,860000,0,427,95,47,41,12,20,2,37,222,101,0,0,0,0,11,6,6,54,12,131000,2062000,4824000000,77516000000,109741000,140994000,43772000,595,35,840,830000,39379,germany,12,0.2463,Germany,DE,DEU,276,ISO 3166-2:DE,Europe,Western Europe,,150,155,,6,672,7.98867E-06,0.024280558,6
Indonesia,4.102E+12,1.55708E+11,11155297716,2.25273E+11,1904569,54716,2958,21579,281562465,137965608,114595923,4786562,404500,401000,250000,299,27,22,47,74,10,1,10,215,99,257,0,0,0,10,26,4,211,10,865000,1645000,57410000000,36061000000,783453000,281159000,143144000,11422,123,556,496607,8159,indonesia,13,0.2582,Indonesia,ID,IDN,360,ISO 3166-2:ID,Asia,South-eastern Asia,,142,35,,8,554,1.96759E-06,0.002719478,5
Pakistan,1.39E+12,18408000000,9102115350,89148000000,796095,1046,7257,0,252363571,108516336,85803614,4794908,660000,550000,500000,908,215,59,41,366,18,3,36,1740,430,1709,0,0,0,9,6,8,79,3,91000,645000,36937000000,46448000000,13765000,30191000,83644000,60,3,117,264175,11881,pakistan,14,0.2626,Pakistan,PK,PAK,586,ISO 3166-2:PK,Asia,Southern Asia,,142,34,,26,2671,1.05839E-05,0.006548284,-12
Israel,4.72177E+11,2.14544E+11,34600000000,1.6335E+11,21937,273,1068,0,9402617,3949099,3281513,131637,169500,465000,35000,478,191,36,11,118,15,10,38,1040,258,137,0,0,0,0,7,6,66,0,15000,219000,22886000000,11510000000,0,5297000,4710000,41,5,40,20391,1497,israel,15,0.2707,Israel,IL,ISR,376,ISO 3166-2:IL,Asia,Western Asia,,142,145,,51,1531,0.000162827,0.073277606,-36
Iran,1.486E+12,1.206E+11,9230000000,6759000000,1648195,2440,5894,850,88386937,49496685,41541860,1414191,610000,350000,220000,303,103,12,47,57,6,3,7,1605,254,1082,0,0,0,7,3,25,21,1,4112000,2415000,2.6328E+11,2.4489E+11,2209000,3032000,28575000,965,18,177,223485,8484,iran,16,0.3199,Iran,IR,IRN,364,ISO 3166-2:IR,Asia,Southern Asia,,142,34,,23,1943,2.19829E-05,0.006211306,-7
Australia,1.635E+12,60404000000,57350000000,3.77025E+12,7741220,25760,145,2000,26768598,11242811,9208398,294455,58910,33270,0,261,18,53,28,80,23,5,17,35,0,36,0,2,3,7,0,6,13,3,386000,1151000,1.53783E+11,50188000000,445077000,95667000,14912000,604,66,2257,873573,32606,australia,17,0.3208,Australia,AU,AUS,36,ISO 3166-2:AU,Oceania,Australia and New Zealand,,9,53,,21,314,1.17302E-05,0.035076453,-4
Spain,2.361E+12,1.07774E+11,39000676350,2.83001E+12,505370,4964,1953,1000,47280433,21748999,17635602,330963,121802,24033,78470,286,88,8,33,70,5,0,11,209,67,132,1,0,0,11,0,2,112,6,47000,1325000,41009000,32833000000,1280000,7388000,24386000,503,52,365,150110,15489,spain,18,0.3247,Spain,ES,ESP,724,ISO 3166-2:ES,Europe,Southern Europe,,150,39,,15,509,1.07656E-05,0.016518711,3
Egypt,1.958E+12,44921000000,5193500000,1.17272E+11,1001450,2450,2612,3500,111247248,45611372,38269053,1668709,438500,479000,300000,707,157,59,34,224,7,0,65,2534,739,673,0,2,0,13,7,8,61,17,667000,830000,64817000000,60089000000,69000,3262000,33749000,441,31,73,65050,5085,egypt,19,0.3651,Egypt,EG,EGY,818,ISO 3166-2:EG,Africa,Northern Africa,,2,15,,18,3271,2.9403E-05,0.002652451,1
Ukraine,5.77583E+11,43781000000,45000000000,90003000000,603550,2782,5581,1672,35661826,18187531,12731272,392280,900000,4000000,100000,191,48,17,12,40,3,0,21,729,443,406,0,0,0,0,0,0,133,5,3000,192000,18725000000,22856000000,19603000,25012000,20539000,410,26,152,169694,21733,ukraine,20,0.3691,Ukraine,UA,UKR,804,ISO 3166-2:UA,Europe,Eastern Europe,,150,151,,46,920,2.57979E-05,0.07791088,-26
Poland,1.649E+12,2.23115E+11,55865141600,4.25642E+11,312685,440,2845,3997,38746310,18985692,15576017,464956,250000,350000,50000,297,38,8,29,73,7,0,19,519,385,0,0,0,0,2,2,1,3,29,24000,743000,5551000000,20056000000,96720000,99932000,18245000,152,10,318,427580,19461,poland,21,0.3891,Poland,PL,POL,616,ISO 3166-2:PL,Europe,Eastern Europe,,150,151,,20,821,2.11891E-05,0.033878194,1
Taiwan,1.743E+12,5.41899E+11,31180000000,2.299E+11,35980,1566,145,0,23595274,12269542,1061787,306739,230000,1657000,55000,504,181,0,13,151,13,0,64,709,317,884,0,0,4,21,7,4,36,10,800,954000,63747000,21157000000,5212000,64609000,11842940,465,8,57,43206,1613,taiwan,22,0.3927,Taiwan,TW,TWN,158,ISO 3166-2:TW,Asia,Eastern Asia,,142,30,,19,1249,5.29343E-05,0.017888698,3
Vietnam,1.456E+12,83082000000,10200000000,34426000000,331210,3444,4616,47130,105758975,54994667,45053323,1797903,450000,5000000,250000,146,34,0,3,50,2,0,0,1199,18,1950,0,0,0,9,17,6,27,8,187000,544000,7676000000,7676000000,51519000,96099000,57133000,1973,16,36,195468,2600,vietnam,23,0.4066,Vietnam,VN,VNM,704,ISO 3166-2:VN,Asia,South-eastern Asia,,142,35,,25,1377,1.30202E-05,0.007005495,-2
Thailand,1.558E+12,2.36934E+11,6006660000,37065000000,513120,3219,5673,4000,69920998,36358919,27968399,1118736,360850,200000,25000,298,44,16,31,80,15,0,4,484,38,387,0,1,0,7,5,0,254,5,386000,1397000,30797000000,48898000000,12812000,42371000,40623000,884,21,105,180053,4127,thailand,24,0.4458,Thailand,TH,THA,764,ISO 3166-2:TH,Asia,South-eastern Asia,,142,35,,22,795,1.137E-05,0.003855366,2
Saudi Arabia,2.213E+12,4.6387E+11,63988055520,2.48171E+11,2149690,2640,4272,0,36544431,19003104,17468238,621255,247000,0,150000,596,184,53,32,131,10,14,22,705,247,362,0,0,0,7,9,0,9,3,11174000,3524000,1.2187E+11,1.2187E+11,0,66000,17168000,433,16,90,221372,5410,saudi-arabia,25,0.4473,Saudi Arabia,SA,SAU,682,ISO 3166-2:SA,Asia,Western Asia,,142,145,,17,1317,3.60383E-05,0.028914621,8
Sweden,6.68628E+11,62569000000,15900000000,1.10269E+12,450295,3218,2211,2052,10589835,4235934,3558185,105898,25600,34000,104400,129,55,0,5,27,2,1,0,83,18,0,0,0,0,0,7,4,116,8,11000,270000,0,889924000,1042000,3170000,5699000,361,92,206,197964,10910,sweden,26,0.4834,Sweden,SE,SWE,752,ISO 3166-2:SE,Europe,Northern Europe,,150,154,,41,223,2.10579E-05,0.023780039,-15
Algeria,7.22912E+11,83007000000,25000000000,4764000000,2381740,998,6734,0,47022473,22570787,19185169,752360,130000,150000,150000,403,72,27,41,59,7,3,48,965,146,314,0,0,0,8,8,6,75,3,1443000,446000,1.00726E+11,47963000000,0,3000,13294000,119,17,95,112696,4020,algeria,27,0.4849,Algeria,DZ,DZA,12,ISO 3166-2:DZ,Africa,Northern Africa,,2,15,,40,1390,2.95603E-05,0.034582356,-13
Canada,2.341E+12,1.19778E+11,45824959620,2.57111E+12,9984670,202080,8893,636,38794813,16681770,13500595,426743,63500,23000,5500,266,50,0,22,71,26,5,0,56,0,0,0,0,0,12,0,4,17,0,5688000,2377000,1.87686E+11,1.30316E+11,50687000,20092000,22868000,716,284,1425,1042300,49422,canada,28,0.5269,Canada,CA,CAN,124,ISO 3166-2:CA,Americas,Northern America,,19,21,,16,338,8.7125E-06,0.019574951,12
Singapore,8.00304E+11,3.83946E+11,18000000000,1.88475E+12,719,193,145,0,6028459,3918498,2628408,66313,51000,252500,12000,176,75,0,7,27,7,8,15,128,36,67,0,0,0,6,6,6,55,4,0,1514000,0,13724000000,0,1153000,3722000,3202,5,9,3500,0,singapore,29,0.5272,Singapore,SG,SGP,702,ISO 3166-2:SG,Asia,South-eastern Asia,,142,35,,34,322,5.34133E-05,0.022491453,-5
Greece,1.92205E+11,15222000000,8242150000,6.05E+11,131957,13676,1110,6,10461091,4916713,3985676,104611,142700,221350,55000,392,125,0,12,60,6,0,20,874,383,454,0,0,0,14,0,9,45,3,5000,308000,3284000,5173000000,10469000,10091000,4655000,1215,57,82,117000,2345,greece,30,0.5484,Greece,GR,GRC,300,ISO 3166-2:GR,Europe,Southern Europe,,150,39,,76,1289,0.000123219,0.042882079,-46
North Korea,15416000000,5500000000,4750000000,6050000000,120538,2495,1607,2250,26298666,9467520,5312331,420779,1320000,560000,100000,377,153,51,0,79,0,0,9,2448,650,350,0,0,2,2,8,24,227,1,0,18000,0,0,21927000,22105000,17637000,264,10,81,25554,7435,north-korea,31,0.5933,,,,,,,,,,,,138,2861,0.000108789,0.308121432,-107
Argentina,1.213E+12,29560000000,993919790,74362000000,2780400,4989,11968,11000,46994384,20677529,17575900,704916,108000,12370,20000,133,13,6,14,39,7,1,0,199,11,95,0,0,3,0,6,2,13,0,807000,749000,43280000000,46228000000,869000,2534000,22286000,201,37,764,240000,17866,argentina,32,0.5983,Argentina,AR,ARG,32,ISO 3166-2:AR,Americas,Latin America and the Caribbean,South America,19,419,5,29,343,7.29874E-06,0.00081939,3
Nigeria,1.318E+12,38612000000,3900000000,45009000000,923768,853,4477,8600,236747130,125475979,90437404,4261448,230000,0,50000,87,8,13,7,15,7,0,8,182,22,186,0,0,0,1,0,0,132,2,1541000,527000,39951000000,20719000000,1322000,1326000,113350000,928,28,50,195000,3798,nigeria,33,0.6097,Nigeria,NG,NGA,566,ISO 3166-2:NG,Africa,Sub-Saharan Africa,Western Africa,2,202,11,27,270,1.14046E-06,0.002959029,6
Netherlands,1.276E+12,79129000000,31791150000,5.25795E+12,41543,451,1053,6237,17772378,7997570,6486918,195496,44245,8510,5000,91,0,27,3,15,0,0,11,13,32,0,0,0,0,6,0,3,76,3,70000,840000,17774000000,33243000000,1761000,12796000,10315000,1187,18,44,139027,3055,netherlands,34,0.6142,Netherlands,NL,NLD,528,ISO 3166-2:NL,Europe,Western Europe,,150,155,,28,113,6.35818E-06,0.024914694,6
Myanmar,2.87559E+11,8590400000,2815031361,8748000000,676578,1930,6522,12800,57527139,30489384,21975367,1035489,228000,19000,55000,182,39,11,18,66,3,0,5,572,124,924,0,0,0,6,3,3,146,2,7000,122000,16780000000,3788000000,1031000,907000,22742000,101,7,74,157000,5031,myanmar,35,0.6265,Myanmar,MM,MMR,104,ISO 3166-2:MM,Asia,South-eastern Asia,,142,35,,61,766,1.33155E-05,0.009789404,-26
Mexico,2.883E+12,2.32035E+11,9100000000,3.06308E+11,1964375,9330,4389,2900,130739927,61447766,49811912,2222579,387000,98653,120000,254,1,19,24,105,15,0,0,0,21,0,0,0,0,1,3,0,142,0,2101000,1741000,31422000000,90566000000,6296000,15132000,60959000,674,35,1580,704884,23389,mexico,36,0.6401,Mexico,MX,MEX,484,ISO 3166-2:MX,Americas,Latin America and the Caribbean,Central America,19,419,13,13,258,1.97338E-06,0.003156434,23
Bangladesh,1.473E+12,21395000000,3340000000,58020000000,148460,580,4413,8370,168697184,82661620,66129296,3205246,204000,0,6800000,138,27,0,11,54,3,0,0,224,25,341,0,0,0,7,6,2,61,5,13000,263000,24620000000,30384000000,767000,14050000,77355000,558,2,17,369105,2460,bangladesh,37,0.6517,Bangladesh,BD,BGD,50,ISO 3166-2:BD,Asia,Southern Asia,,142,34,,24,377,2.23477E-06,0.002267481,13
Portugal,5.56942E+11,55160000000,6760000000,5.3E+11,92090,1793,1224,764,10639726,5319863,4096295,127677,25000,23500,23300,90,20,4,14,16,11,3,0,24,16,38,0,0,0,5,2,2,71,0,12932,200000,0,3700000000,0,0,5332100,1158,36,136,136635,3622,portugal,38,0.6659,Portugal,PT,PRT,620,ISO 3166-2:PT,Europe,Southern Europe,,150,39,,47,123,1.15604E-05,0.012137709,-9
Norway,5.0768E+11,81242000000,11189483200,7.87758E+11,323802,25148,2566,1577,5509733,2203893,1807192,71627,33440,20100,40500,82,0,32,3,17,4,0,0,25,20,0,0,0,0,4,6,6,20,5,2020000,229000,1.23727E+11,4548000000,120000,1096000,3042000,1720,141,146,95120,3848,norway,39,0.6679,Norway,NO,NOR,578,ISO 3166-2:NO,Europe,Northern Europe,,150,154,,50,123,2.23241E-05,0.022040425,-11
South Africa,8.7042E+11,65435000000,2877000000,93879000000,1219090,2798,5244,0,60442647,27803618,14989776,1027525,68731,29350,50000,118,1,0,7,53,0,0,7,161,34,282,0,0,0,4,0,3,42,4,88000,609000,59128000,4487000000,239712000,176095000,27766000,110,8,573,750000,30400,south-africa,40,0.6843,South Africa,ZA,ZAF,710,ISO 3166-2:ZA,Africa,Sub-Saharan Africa,Southern Africa,2,202,18,33,286,4.73176E-06,0.003305301,7
Philippines,1.202E+12,1.06195E+11,6571641011,63241000000,300000,36289,145,3219,118277063,50859137,41751803,2128987,160000,1500000,35000,112,0,9,13,13,6,0,3,11,7,178,0,0,0,4,1,0,60,0,10000,457000,2251000000,2251000000,14457000,42859000,50979000,2203,70,256,216387,77,philippines,41,0.6993,Philippines,PH,PHL,608,ISO 3166-2:PH,Asia,South-eastern Asia,,142,35,,31,128,1.0822E-06,0.005467255,10
Malaysia,1.212E+12,1.16229E+11,5100000000,8748000000,329847,4675,2742,7200,34564810,16245461,13480276,553037,113000,51600,100000,79,15,7,9,19,4,2,0,29,0,118,0,0,0,2,4,2,72,4,582000,672000,75456000000,42499000000,4476000,35741000,18264000,1750,35,100,144403,1851,malaysia,42,0.7379,Malaysia,MY,MYS,458,ISO 3166-2:MY,Asia,South-eastern Asia,,142,35,,30,116,3.35601E-06,0.004207921,12
Colombia,9.78024E+11,61898000000,15800000000,1.08027E+11,1138910,3208,6672,24725,49588357,24298295,19190694,843002,429000,998000,150000,280,10,16,53,47,18,1,0,0,4,72,0,0,0,9,2,4,158,0,800000,374000,11290000000,11451000000,52376000,9720000,26822000,153,14,661,206102,2141,colombia,43,0.7551,Colombia,CO,COL,170,ISO 3166-2:CO,Americas,Latin America and the Caribbean,South America,19,419,5,32,295,5.94898E-06,0.016155023,11
Iraq,5.85887E+11,1.00691E+11,8000000000,15580000000,438317,58,3809,5279,42083436,17675043,14308368,715418,193000,0,100000,216,16,22,9,67,10,0,23,713,260,366,0,0,0,0,1,0,55,0,4448000,1043000,9860000000,19298000000,0,0,12008000,74,6,73,59623,2272,iraq,44,0.8115,Iraq,IQ,IRQ,368,ISO 3166-2:IQ,Asia,Western Asia,,142,145,,44,930,2.2099E-05,0.01365451,0
Denmark,4.40558E+11,1.08405E+11,14250000000,6.1105E+11,43094,7314,140,400,5973136,2628180,2126436,77651,21000,12000,51000,98,21,15,3,29,2,0,0,33,14,0,0,0,0,9,0,0,9,6,63000,151000,1879000000,2208000000,0,1135000,3210000,715,69,102,73591,2682,denmark,45,0.8198,Denmark,DK,DNK,208,ISO 3166-2:DK,Europe,Northern Europe,,150,154,,52,140,2.34383E-05,0.032345344,-7
Switzerland,7.41035E+11,9.09366E+11,8372658426,2.42E+12,41277,145,1770,1292,8860574,3898653,3163225,97466,147178,0,5000,99,28,0,11,30,2,0,0,94,93,0,0,0,0,0,0,0,0,0,300,194000,0,3138000000,0,126000,5153000,17,0,66,83131,5296,switzerland,46,0.8396,Switzerland,CH,CHE,756,ISO 3166-2:CH,Europe,Western Europe,,150,155,,38,193,2.17819E-05,0.011298601,8
Ethiopia,3.80895E+11,3784000000,3720968976,25426000000,1104300,145,5925,0,118550298,56904143,35327989,2726657,503000,138000,0,62,15,0,5,20,0,0,4,220,92,305,0,0,0,0,0,0,0,0,0,102000,0,0,456000,1653000,54470000,12,0,58,180000,659,ethiopia,47,0.8525,Ethiopia,ET,ETH,231,ISO 3166-2:ET,Africa,Sub-Saharan Africa,Eastern Africa,2,202,14,54,282,2.37874E-06,0.009769015,-7
Finland,3.13591E+11,17993000000,8890000000,7.26E+11,338145,1250,2563,8000,5626414,2306830,1912981,56264,24000,870000,53800,122,40,0,8,58,1,0,0,150,94,500,0,0,0,0,0,0,8,18,8000,175000,0,1157000000,811000,3933000,2898000,282,37,98,108637,5918,finland,48,0.8673,Finland,FI,FIN,246,ISO 3166-2:FI,Europe,Northern Europe,,150,154,,59,272,4.83434E-05,0.028349028,-11
Chile,5.96556E+11,44403000000,6800000000,2.3595E+11,756102,6435,7801,12290,18664652,8959033,7521855,298634,80000,40000,50000,178,29,0,21,60,12,3,0,251,31,162,0,0,0,8,0,4,40,0,11000,404000,1200000000,6916000000,474000,8087000,10088000,249,39,379,77801,7282,chile,49,0.8704,Chile,CL,CHL,152,ISO 3166-2:CL,Americas,Latin America and the Caribbean,South America,19,419,5,43,441,2.36276E-05,0.011398762,6
Peru,5.35911E+11,79246000000,2552000000,38102000000,1285216,2414,7062,8808,32600249,15648120,12681497,619405,120000,386000,60000,139,8,12,21,37,7,0,9,231,8,189,0,0,0,7,8,6,13,0,118000,255000,12270000000,7185000000,1382000,973000,18918000,111,20,174,70000,1855,peru,50,0.8827,Peru,PE,PER,604,ISO 3166-2:PE,Americas,Latin America and the Caribbean,South America,19,419,5,48,391,1.19938E-05,0.004761985,2
Venezuela,1.10943E+11,9944750000,6060000000,1.21363E+11,912050,2800,5267,7100,31250306,15625153,12812625,625006,109000,8000,220000,123,17,0,26,41,2,1,6,169,36,55,0,0,0,1,0,3,26,0,801000,203000,17696000000,17696000000,149000,80000,11136000,272,31,509,96189,447,venezuela,51,0.9106,Venezuela,VE,VEN,862,ISO 3166-2:VE,Americas,Latin America and the Caribbean,South America,19,419,5,90,296,9.47191E-06,0.054622644,-39
Romania,7.74376E+11,73391000000,10230630000,1.452E+11,238391,225,2844,1731,18148155,9437041,7731114,199630,90000,55000,15000,89,17,0,8,26,1,0,0,271,0,432,0,0,0,3,7,0,0,7,67000,220000,9501000000,10055000000,14752000,15533000,8263000,127,11,103,85387,10628,romania,52,0.9558,Romania,RO,ROU,642,ISO 3166-2:RO,Europe,Eastern Europe,,150,151,,35,370,2.03877E-05,0.01321145,17
Uzbekistan,3.79989E+11,41237000000,6210000000,25714000000,447400,420,6893,1100,36520593,18990708,15959499,730412,120000,0,20000,87,14,7,7,4,0,0,19,259,97,130,0,0,0,0,0,0,0,0,64000,111000,47500000000,43227000000,6379000,8941000,13974000,0,0,74,225500,4642,uzbekistan,53,0.9908,Uzbekistan,UZ,UZB,860,ISO 3166-2:UZ,Asia,Central Asia,,142,143,,55,346,9.47411E-06,0.016342578,-2
United Arab Emirates,7.45994E+11,2.37931E+11,23480000000,2.904E+11,83600,1318,1066,0,10032213,5818684,4945881,80258,65000,130000,12000,349,59,24,21,91,16,3,18,212,99,59,0,0,0,0,11,0,34,2,4146000,846000,56683000000,66091000000,0,5411000,7090000,655,20,42,4080,0,united-arab-emirates,54,1.0188,United Arab Emirates,AE,ARE,784,ISO 3166-2:AE,Asia,Western Asia,,142,145,,37,572,5.70163E-05,0.031474784,17
Czechia,5.21928E+11,1.46281E+11,9174000000,2.3232E+11,78867,145,2046,664,10837890,5093808,4129236,97541,30334,4900,0,77,9,12,8,16,2,0,3,14,37,0,0,0,0,0,0,0,0,0,4000,219000,224725000,7602000000,31946000,33239000,5541000,0,0,252,129418,9548,czech-republic,55,1.0313,,,,,,,,,,,,49,91,8.39647E-06,0.017577137,6
Morocco,3.50594E+11,37134000000,16100000000,42262000000,715550,1835,2363,0,37387585,17946041,15254135,635589,400000,250000,50000,163,50,0,19,46,2,1,4,808,326,113,0,0,0,6,1,0,84,0,25,296000,82595000,243201000,0,10304000,12475000,94,12,48,57300,2067,morocco,56,1.0368,Morocco,MA,MAR,504,ISO 3166-2:MA,Africa,Northern Africa,,2,15,,56,978,2.61584E-05,0.045922064,0
Hungary,3.89207E+11,46422000000,5887250000,1.5125E+11,103000,145,2106,1622,9855745,4632200,3794462,118269,41600,20000,15000,52,8,0,2,11,0,0,5,154,17,207,0,0,0,0,0,0,0,0,36000,179000,1523000000,9485000000,4293000,4694000,4954000,1,0,109,203601,7687,hungary,57,1.0429,Hungary,HU,HUN,348,ISO 3166-2:HU,Europe,Eastern Europe,,150,151,,53,206,2.09015E-05,0.01512627,4
Kazakhstan,7.39385E+11,45808000000,5836386000,25765000000,2724900,26,13364,43983,20260006,9117003,6928922,283640,110000,135000,55000,101,22,8,13,15,0,0,7,212,76,116,0,0,0,0,0,0,23,2,1955000,386000,27011000000,22623000000,120279000,86349000,10285000,122,0,132,96167,16636,kazakhstan,58,1.0433,Kazakhstan,KZ,KAZ,398,ISO 3166-2:KZ,Asia,Central Asia,,142,143,,39,313,1.54492E-05,0.007893568,19
Angola,2.78239E+11,14243000000,31200000000,45299000000,1246700,1600,5369,1300,37202061,7440412,3720206,372021,107000,0,10000,153,37,3,18,31,1,0,8,191,15,345,0,0,0,0,0,0,32,0,1175000,121000,5514000000,1397000000,0,0,15961000,64,21,107,76000,2761,angola,59,1.1045,Angola,AO,AGO,24,ISO 3166-2:AO,Africa,Sub-Saharan Africa,Middle Africa,2,202,17,62,344,9.2468E-06,0.112133813,-3
Azerbaijan,2.25198E+11,12699000000,5100000000,12378000000,86600,713,2468,0,10650239,5218617,3908638,159754,128000,306000,15000,87,7,11,2,20,0,0,9,880,88,423,0,0,0,0,0,4,17,4,618000,109000,34175000000,11759000000,0,6000,5020000,312,0,32,24981,2944,azerbaijan,60,1.1991,Azerbaijan,AZ,AZE,31,ISO 3166-2:AZ,Asia,Western Asia,,142,145,,71,971,9.11717E-05,0.022646738,-11
Belgium,7.49229E+11,41449000000,14900000000,1.59419E+12,30528,67,1297,2043,11977634,4910830,3880753,119776,26390,6600,0,73,31,8,5,19,0,0,0,0,0,0,0,0,0,2,0,0,2,5,11000,596000,13436000,15347000000,1269000,4372000,5416000,198,7,48,118414,3602,belgium,61,1.2201,Belgium,BE,BEL,56,ISO 3166-2:BE,Europe,Western Europe,,150,155,,36,75,6.26167E-06,0.019887111,25
Bulgaria,2.19645E+11,43698000000,2485350000,14277000000,110880,354,1806,470,6782659,3187850,2611324,61044,36950,3000,0,46,7,3,4,17,0,0,3,217,31,16,0,0,0,6,3,0,0,17,4000,101000,20837000,2801000000,20970000,20557000,3124000,78,2,107,19512,4029,bulgaria,62,1.2522,Bulgaria,BG,BGR,100,ISO 3166-2:BG,Europe,Eastern Europe,,150,151,,72,272,4.01023E-05,0.011315304,-10
Serbia,1.77093E+11,30484000000,2770000000,21726000000,77474,145,2322,587,6652212,3259584,2574406,79827,22500,2000,600000,69,7,10,2,20,0,0,2,145,58,90,0,0,0,0,0,0,0,0,13000,88000,353376000,2939000000,33219000,37828000,3230000,0,0,46,45022,3333,serbia,63,1.2938,Serbia,RS,SRB,688,ISO 3166-2:RS,Europe,Southern Europe,,150,39,,77,214,3.21698E-05,0.015641499,-14
Democratic Republic of the Congo,1.64367E+11,3898125000,960000000,7926000000,2344858,37,10481,15000,115403027,39237029,31389623,2538867,166580,30800,10000,25,0,3,5,1,0,0,4,117,9,69,0,0,0,0,0,0,16,0,19000,35000,380000,380000,0,304000,38546000,24,3,273,152373,4007,democratic-republic-of-the-congo,64,1.3051,,,,,,,,,,,,80,142,1.23047E-06,0.005840588,-16
Cuba,81165000000,10442000000,3301500000,36372600000,110860,3735,29,240,10966038,5921661,4737328,142558,50000,40000,1145000,9,5,0,2,1,0,0,2,107,77,200,0,0,0,1,1,0,6,4,34000,118000,659434000,659434000,0,1000,489000,65,34,120,60000,8367,cuba,65,1.3345,Cuba,CU,CUB,192,ISO 3166-2:CU,Americas,Latin America and the Caribbean,Caribbean,19,419,29,102,118,1.07605E-05,0.0406764,-37
Sudan,94420000000,192348850,394700000,21650000000,1861484,853,6819,4068,50467278,26747657,17108407,1312149,300000,200000,17500,92,19,18,7,17,0,0,18,580,55,633,0,0,0,0,0,0,10,0,68000,129000,0,0,0,0,10949000,14,4,45,31000,7251,sudan,66,1.3563,Sudan,SD,SDN,729,ISO 3166-2:SD,Africa,Northern Africa,,2,15,,95,672,1.33156E-05,0.004180258,-29
Austria,5.81131E+11,35406000000,6103900800,6.93E+11,83871,145,2524,358,8967982,4035592,3632033,98648,25000,125600,0,68,11,0,8,17,0,0,0,42,23,0,0,0,0,0,0,0,0,0,18000,244000,618209000,8136000000,1288000,5403000,4768000,1,0,62,126233,6123,austria,67,1.3759,Austria,AT,AUT,40,ISO 3166-2:AT,Europe,Western Europe,,150,155,,45,110,1.22659E-05,0.010503485,22
Sri Lanka,3.01407E+11,6094000000,1500000000,42198000000,65610,1340,145,160,21982608,10551652,8551235,307757,346000,90000,0,50,3,0,8,4,2,0,4,52,0,58,0,0,0,5,0,0,259,0,0,100000,0,0,0,2323000,8499000,96,6,18,114093,1562,sri-lanka,68,1.3822,Sri Lanka,LK,LKA,144,ISO 3166-2:LK,Asia,Southern Asia,,142,34,,60,107,4.86748E-06,0.004976659,8
Slovakia,2.18762E+11,14452000000,2900000000,1.4036E+11,49035,145,1587,172,5563649,2837461,2353424,61200,20982,0,0,31,5,0,5,7,1,0,0,32,25,6,0,0,0,0,0,0,0,0,7000,90000,52556000,60424000,2315000,6066000,2779000,0,0,116,45106,3627,slovakia,69,1.3911,Slovakia,SK,SVK,703,ISO 3166-2:SK,Europe,Eastern Europe,,150,151,,73,63,1.13235E-05,0.013256416,-4
Belarus,2.6522E+11,8912000000,1034784000,18010000000,207600,145,3599,2500,9501451,5035769,3724569,104516,63000,365400,55000,107,24,28,2,15,0,0,17,375,232,124,0,0,0,0,0,0,0,0,30000,125000,73929000,16683000000,0,710000,4817000,4,0,46,86600,5528,belarus,70,1.4072,Belarus,BY,BLR,112,ISO 3166-2:BY,Europe,Eastern Europe,,150,151,,64,482,5.07291E-05,0.003901606,6
Qatar,3.17064E+11,53987000000,11950000000,2.057E+11,11586,563,87,0,2552088,638022,490001,12760,26550,4000,5500,171,75,4,8,29,0,0,16,40,30,8,0,0,0,0,4,0,107,0,1818000,268000,1.69595E+11,41515000000,0,0,2123000,123,6,8,7039,0,qatar,71,1.4096,Qatar,QA,QAT,634,ISO 3166-2:QA,Asia,Western Asia,,142,145,,58,215,8.42447E-05,0.037689552,13
Ecuador,2.52728E+11,6908000000,2963400000,39658000000,283560,2237,2237,1500,18309984,8422593,6738074,329580,41250,118000,1500,64,0,0,13,22,5,0,0,121,3,64,0,0,0,2,6,2,5,0,480000,272000,309778000,309778000,0,14000,8821000,154,6,317,43950,965,ecuador,72,1.4479,Ecuador,EC,ECU,218,ISO 3166-2:EC,Americas,Latin America and the Caribbean,South America,19,419,5,66,195,1.06499E-05,0.01172565,6
Croatia,1.64825E+11,3336000000,2744000000,60500000000,56594,5835,2237,4714,4150116,2033557,1564594,53952,14325,20100,2000,50,9,0,0,20,0,0,0,44,20,34,0,0,0,0,0,0,11,1,11000,70000,741456000,2502000000,0,596000,1733000,384,16,45,26958,2617,croatia,73,1.5432,Croatia,HR,HRV,191,ISO 3166-2:HR,Europe,Southern Europe,,150,39,,78,94,2.265E-05,0.01664796,-5
Jordan,1.09986E+11,21939000000,2668500000,21058000000,89342,26,1744,0,11174024,3463947,2983464,145262,114500,100000,35000,181,29,7,8,43,7,0,29,980,311,52,0,0,0,0,0,0,27,0,20,97000,187262000,4382000000,0,269000,3080000,34,1,18,7203,509,jordan,74,1.5581,Jordan,JO,JOR,400,ISO 3166-2:JO,Asia,Western Asia,,142,145,,91,1161,0.000103902,0.024262179,-17
Bahrain,93937000000,4949000000,997015509,54450000000,760,161,145,0,1566888,846120,720768,17236,18400,110000,1500,69,14,0,2,20,0,0,17,90,23,16,0,0,0,2,2,0,50,0,190000,72000,18005000000,17924000000,0,0,913300,184,4,3,4122,0,bahrain,75,1.6731,Bahrain,BH,BHR,48,ISO 3166-2:BH,Asia,Western Asia,,142,145,,96,163,0.000104028,0.010613661,-21
Kuwait,2.25947E+11,50728000000,7987000000,60500000000,17818,499,475,0,3138355,1726095,1449920,37660,78000,24000,7500,80,28,0,1,8,0,2,10,220,31,0,0,0,0,0,0,0,106,0,2910000,430000,19285000000,26083000000,0,60000,3003000,176,6,6,5749,0,kuwait,76,1.7161,Kuwait,KW,KWT,414,ISO 3166-2:KW,Asia,Western Asia,,142,145,,70,300,9.55915E-05,0.035348998,6
Albania,51360000000,6516000000,720037190,5363000000,28748,362,691,41,3107100,1522479,1292554,62142,7500,0,500,11,0,0,1,0,0,0,0,0,7,0,0,0,0,0,0,0,33,0,14000,21000,50623000,50623000,473000,255000,1370000,69,3,3,3581,424,albania,77,1.7258,Albania,AL,ALB,8,ISO 3166-2:AL,Europe,Southern Europe,,150,39,,121,11,3.54028E-06,0.014019416,-44
Turkmenistan,1.34555E+11,21073860000,1463000000,3696000000,488100,1768,4158,1300,5744151,2768681,2245963,109139,36500,0,3500,55,13,16,3,7,0,0,6,392,44,274,0,0,0,0,0,0,16,0,272000,152000,86472000000,41561000000,0,0,2445000,73,0,23,58592,5113,turkmenistan,78,1.7459,Turkmenistan,TM,TKM,795,ISO 3166-2:TM,Asia,Central Asia,,142,143,,86,447,7.78183E-05,0.010872877,-8
Tunisia,1.56086E+11,9344000000,2172751250,21212000000,163610,1148,1495,0,12048847,6024424,5181004,204830,89800,0,12000,93,6,0,7,17,2,0,0,87,0,63,0,0,0,1,1,0,30,0,35000,104000,1323000000,5153000000,0,2000,4247000,72,16,14,32332,2173,tunisia,79,1.7823,Tunisia,TN,TUN,788,ISO 3166-2:TN,Africa,Northern Africa,,2,15,,81,182,1.51052E-05,0.013920219,-2
Libya,90609000000,92894000000,1474800000,3654200000,1759540,1770,4339,0,7361263,3827857,3290485,125141,32000,0,100000,29,4,0,4,12,0,0,1,22,8,15,0,0,0,1,0,0,2,0,1245000,207000,11832000000,9212000000,0,0,2585000,96,14,75,34000,0,libya,80,1.7872,Libya,LY,LBY,434,ISO 3166-2:LY,Africa,Northern Africa,,2,15,,98,52,7.06401E-06,0.016276529,-18
Paraguay,1.12919E+11,9886000000,416800000,13783000000,406752,145,4655,3100,7522549,3535598,3001497,150451,15650,168500,14800,27,0,2,7,8,1,0,0,6,3,28,0,0,0,0,0,0,0,0,2000,52000,0,0,0,700,3502000,108,1,83,78811,30,paraguay,81,1.7974,Paraguay,PY,PRY,600,ISO 3166-2:PY,Americas,Latin America and the Caribbean,South America,19,419,5,89,33,4.38681E-06,0.003691141,-8
Bolivia,1.222E+11,1977000000,467670000,11174000000,1098581,145,7252,10000,12311974,5417269,4112199,233928,40000,40000,0,37,0,0,8,11,1,0,0,30,0,32,0,0,0,0,0,0,0,0,58000,100000,13760000000,3055000000,0,9000,6859000,50,0,201,90568,3690,bolivia,82,1.8301,Bolivia,BO,BOL,68,ISO 3166-2:BO,Americas,Latin America and the Caribbean,South America,19,419,5,88,67,5.44186E-06,0.003827087,-6
Cambodia,1.23676E+11,22506000000,750000000,8019000000,181035,443,2530,3700,17063669,8190561,5733393,307146,124300,0,10000,13,0,0,2,0,0,0,0,286,17,289,0,0,0,0,0,0,20,0,0,77000,0,0,27000,4390000,9904000,195,2,12,61810,642,cambodia,83,1.8434,Cambodia,KH,KHM,116,ISO 3166-2:KH,Asia,South-eastern Asia,,142,35,,87,299,1.75226E-05,0.006064232,-4
Kenya,3.28632E+11,10067000000,1651803025,31451000000,580367,536,3457,0,58246378,21551160,14037377,931942,50000,0,25000,85,9,0,12,17,1,0,1,103,10,29,0,0,0,0,0,0,18,0,0,113000,0,0,0,1453000,23781000,26,4,368,161452,3819,kenya,84,1.8588,Kenya,KE,KEN,404,ISO 3166-2:KE,Africa,Sub-Saharan Africa,Eastern Africa,2,202,14,57,188,3.22767E-06,0.0050263,27
Chad,52895000000,1050000000,706800000,2286000000,1284000,145,6406,12400,19093595,6873694,3856906,381872,37750,0,5000,20,0,4,4,4,1,0,2,50,6,7,0,0,0,0,0,0,0,0,124000,15000,0,0,0,0,6600000,0,0,44,40000,0,chad,85,1.8594,Chad,TD,TCD,148,ISO 3166-2:TD,Africa,Sub-Saharan Africa,Middle Africa,2,202,17,119,70,3.66615E-06,0.013362322,-34
Oman,1.93591E+11,18287000000,8364000000,55986700000,309500,2092,1561,0,3901992,1482757,1291559,50726,100000,0,10000,70,16,6,5,25,2,0,0,145,13,79,0,0,0,0,5,0,8,0,1056000,218000,40754000000,27364000000,0,82000,2696000,57,7,37,60230,0,oman,86,1.8823,Oman,OM,OMN,512,ISO 3166-2:OM,Asia,Western Asia,,142,145,,75,220,5.63815E-05,0.043204488,11
Syria,98858000000,307766250,145925000,4441250000,187437,193,2363,900,23865423,15273871,13245310,668232,100000,0,50000,42,21,2,1,3,0,0,3,84,30,0,0,0,0,0,0,0,8,0,65000,102000,3085000000,3084000000,0,15000,6617000,24,3,42,69873,2052,syria,87,1.8861,Syria,SY,SYR,760,ISO 3166-2:SY,Asia,Western Asia,,142,145,,94,126,5.2796E-06,0.001476107,-7
Lithuania,1.36227E+11,7406000000,5651760000,48400000000,65300,90,1545,441,2628186,1708321,1332490,36795,23000,104000,14150,6,0,0,3,0,0,0,0,0,10,32,0,0,0,0,0,0,5,4,4000,67000,0,1601000000,0,166000,1548000,59,2,64,83821,1911,lithuania,88,1.8949,Lithuania,LT,LTU,440,ISO 3166-2:LT,Europe,Northern Europe,,150,154,,85,6,2.28294E-06,0.041487811,3
Tanzania,2.46706E+11,5371525000,1476113361,17513000000,947300,1424,4161,0,67462121,12143182,6678750,607159,25000,0,6500,17,5,0,3,3,0,0,0,100,0,103,0,0,0,0,0,0,10,0,0,85000,1808000000,1808000000,2341000,740000,32983000,381,8,206,145203,4097,tanzania,89,1.9111,Tanzania,TZ,TZA,834,ISO 3166-2:TZ,Africa,Sub-Saharan Africa,Eastern Africa,2,202,14,67,117,1.73431E-06,0.005983289,22
New Zealand,2.57117E+11,22065000000,2455949332,2.30651E+11,268838,15134,145,0,5161211,2219321,1775457,61935,10050,3300,300,31,0,0,5,8,4,0,0,0,0,22,0,0,0,2,0,0,4,0,12000,154000,3770000000,3819000000,3011000,2696000,3124000,117,22,206,94000,4128,new-zealand,90,1.9258,New Zealand,NZ,NZL,554,ISO 3166-2:NZ,Oceania,Australia and New Zealand,,9,53,,65,33,6.39385E-06,0.009551875,25
Slovenia,1.03118E+11,2832000000,1782000000,60500000000,20273,47,1211,710,2097893,1006989,826570,22867,7000,26000,5000,28,0,0,4,16,0,0,0,38,12,13,0,0,0,0,0,0,3,0,4,44000,3863000,840902000,2440000,2309000,1058000,8,2,42,38125,1207,slovenia,91,1.9404,Slovenia,SI,SVN,705,ISO 3166-2:SI,Europe,Southern Europe,,150,39,,93,66,3.14601E-05,0.017281173,-2
Mozambique,51786000000,3843000000,480000000,8274000000,799380,2470,4783,460,33350954,14674420,7770772,533615,11200,0,3000,12,4,1,3,1,0,0,1,30,0,52,0,0,0,0,0,0,36,0,0,42000,5388000000,1347000000,10583000,13000,15173000,36,11,92,30562,4787,mozambique,92,1.9769,Mozambique,MZ,MOZ,508,ISO 3166-2:MZ,Africa,Sub-Saharan Africa,Eastern Africa,2,202,14,120,42,1.25933E-06,0.009268914,-28
Mongolia,59221000000,5508000000,1590000000,8379000000,1564116,145,8082,580,3281676,1870555,1552233,62352,35000,230000,50000,4,0,0,2,1,0,0,0,231,0,275,0,0,0,0,0,0,0,0,15000,39000,0,0,68824000,8941000,1449000,318,0,37,113200,1815,mongolia,93,1.9987,Mongolia,MN,MNG,496,ISO 3166-2:MN,Asia,Eastern Asia,,142,30,,113,235,7.16098E-05,0.026848584,-20
Ireland,6.20544E+11,12698000000,1754400500,3.63E+12,70273,1448,443,956,5233461,2407392,1999182,57568,7557,1720,0,15,0,0,3,5,1,0,0,0,0,0,0,0,0,0,0,0,8,0,600,159000,1447000000,5280000000,0,1341000,2857000,94,21,100,102227,1688,ireland,94,2.0661,Ireland,IE,IRL,372,ISO 3166-2:IE,Europe,Northern Europe,,150,154,,42,15,2.86617E-06,0.002827198,52
Georgia,91849000000,4447000000,680000000,9085000000,69700,310,1814,0,4900961,2744538,2225036,93118,37000,205500,0,34,0,3,1,6,0,0,6,73,37,67,0,0,0,0,0,0,31,4,300,34000,8760000,2796000000,148000,384000,1833000,26,3,21,40044,1363,georgia,95,2.0779,Georgia,GE,GEO,268,ISO 3166-2:GE,Asia,Western Asia,,142,145,,97,107,2.18325E-05,0.007403456,-2
Guatemala,2.32673E+11,24412000000,616000000,11862000000,108889,400,1667,990,18255216,7484639,6279794,182552,106114,90000,35000,19,0,2,6,0,1,0,0,0,0,66,0,0,0,0,0,0,20,0,6000,117000,3276000,2986000,0,1012000,7575000,9,3,58,17440,800,guatemala,96,2.1277,Guatemala,GT,GTM,320,ISO 3166-2:GT,Americas,Latin America and the Caribbean,Central America,19,419,13,69,19,1.0408E-06,0.002647492,27
Uruguay,1.08502E+11,17378000000,1903440000,54450000000,176215,660,1591,1600,3425330,1575652,1322177,54805,24000,0,5000,24,0,3,3,7,3,1,0,37,10,50,0,0,0,0,0,0,5,2,400,50000,0,86037000,0,8000,1768000,58,8,65,77732,1673,uruguay,97,2.1537,Uruguay,UY,URY,858,ISO 3166-2:UY,Americas,Latin America and the Caribbean,South America,19,419,5,92,61,1.78085E-05,0.017542902,5
Yemen,18719000000,831025575,405187500,6492000000,527968,1906,1601,0,32140443,12213368,9031464,610668,33350,0,20000,64,27,0,1,12,0,0,6,0,6,30,0,0,0,0,1,0,9,0,15000,58000,189432000,189432000,0,27000,7848000,30,10,37,71300,0,yemen,98,2.1617,Yemen,YE,YEM,887,ISO 3166-2:YE,Asia,Western Asia,,142,145,,136,65,2.02237E-06,0.021645788,-38
Cameroon,1.43264E+11,4882000000,835694942,11112000000,475440,400,5018,0,30966105,10528476,6224187,495458,38000,0,9000,12,0,0,2,2,1,0,0,0,10,29,0,0,0,0,0,0,19,0,64000,41000,2595000000,877058000,0,0,11119000,198,7,37,77589,987,cameroon,99,2.1689,Cameroon,CM,CMR,120,ISO 3166-2:CM,Africa,Sub-Saharan Africa,Middle Africa,2,202,17,84,12,3.8752E-07,0.005833251,15
Tajikistan,50370000000,3026450000,450460000,3024000000,144100,145,4130,200,10394063,4781269,3773045,176699,150000,600000,20000,14,0,0,1,2,0,0,3,23,2,8,0,0,0,0,0,0,0,0,300,31000,18476000,85567000,2394000,2297000,2780000,0,0,19,30000,680,tajikistan,100,2.1749,Tajikistan,TJ,TJK,762,ISO 3166-2:TJ,Asia,Central Asia,,142,143,,123,37,3.55972E-06,0.008943022,-23
Armenia,60909000000,3685000000,1480000000,6002000000,29743,145,1570,0,2976765,1666988,1366335,44651,65000,210000,5000,35,2,7,2,6,0,0,10,60,57,106,0,0,0,0,0,0,0,0,0,15000,0,2861000000,300,19000,1510000,0,0,11,7700,686,armenia,101,2.2016,Armenia,AM,ARM,51,ISO 3166-2:AM,Asia,Western Asia,,142,145,,111,95,3.19138E-05,0.024298544,-10
Latvia,72516000000,5141000000,42000000,48598440000,64589,498,1370,300,1801246,810561,648449,16211,17870,38000,12500,2,0,0,0,0,0,0,0,0,31,0,0,0,0,0,0,0,11,6,2000,33000,0,828214000,0,20000,954900,83,5,55,57972,2216,latvia,102,2.2316,Latvia,LV,LVA,428,ISO 3166-2:LV,Europe,Northern Europe,,150,154,,105,2,1.11034E-06,0.000579183,-3
Honduras,71297000000,8036000000,612300000,7785000000,112090,832,1575,465,9529188,4192843,3144632,95292,52225,0,23000,25,3,4,6,6,1,0,0,14,0,31,0,0,0,0,0,0,93,0,20,71000,0,0,0,144000,4296000,489,8,129,14742,699,honduras,103,2.2575,Honduras,HN,HND,340,ISO 3166-2:HN,Americas,Latin America and the Caribbean,Central America,19,419,13,106,39,4.09269E-06,0.008588019,-3
Mali,71253000000,647800000,1110000000,4085000000,1240192,145,7908,1800,21990607,6817088,4288168,351850,40000,0,4800,18,4,5,3,2,0,0,3,0,0,23,0,0,0,0,0,0,0,0,0,46000,0,0,0,0,9126000,0,0,30,139107,593,mali,104,2.2598,Mali,ML,MLI,466,ISO 3166-2:ML,Africa,Sub-Saharan Africa,Western Africa,2,202,11,107,18,8.18531E-07,0.015578291,-3
Zimbabwe,57391000000,484973000,1976800000,6671000000,390757,145,3229,0,17150352,6517134,3721626,360157,29000,0,21800,40,5,5,7,10,0,0,3,33,0,0,0,0,0,0,0,0,0,0,800,34000,0,0,7968000,6705000,6386000,0,0,144,97267,3427,zimbabwe,105,2.2801,Zimbabwe,ZW,ZWE,716,ISO 3166-2:ZW,Africa,Sub-Saharan Africa,Eastern Africa,2,202,14,114,73,4.25647E-06,0.034444425,-9
Estonia,57001000000,2075000000,2375000000,29040000000,45228,3794,657,335,1193791,584958,456028,13132,7700,230000,10000,1,0,0,1,0,0,0,0,0,34,0,0,0,0,0,0,0,4,4,24000,27000,0,354912000,0,800,756200,72,20,34,89382,1441,estonia,106,2.3201,Estonia,EE,EST,233,ISO 3166-2:EE,Europe,Northern Europe,,150,154,,115,1,8.37668E-07,0.041665936,-9
Uganda,1.44137E+11,3432750000,1510000000,10469000000,241038,145,2729,0,49283041,16756234,9905891,985661,45000,0,10000,26,3,0,2,6,0,0,3,142,3,14,0,0,0,0,0,0,0,0,0,44000,0,0,19,0,22829000,0,0,39,20544,1244,uganda,107,2.3252,Uganda,UG,UGA,800,ISO 3166-2:UG,Africa,Sub-Saharan Africa,Eastern Africa,2,202,14,83,168,3.40888E-06,0.010476144,24
Ivory Coast,2.15018E+11,7583484000,18200000,26576000000,322463,515,3458,980,29981758,12292521,7855221,569653,22000,0,5500,10,0,0,1,1,1,0,2,0,0,2,0,0,0,0,0,0,7,0,29000,87000,2635000000,2635000000,0,0,12595000,25,5,29,81996,660,ivory-coast,108,2.3884,,,,,,,,,,,,74,10,3.33536E-07,8.46441E-05,34
Kyrgyzstan,50907000000,5089000000,654000000,3617000000,199951,145,4573,576,6172101,3147772,2487357,117270,23000,0,55000,4,0,0,0,0,0,0,1,129,18,104,0,0,0,0,0,0,0,0,6000,31000,31026000,438000000,3685000,4212000,3197000,0,0,28,34000,424,kyrgyzstan,109,2.3969,Kyrgyzstan,KG,KGZ,417,ISO 3166-2:KG,Asia,Central Asia,,142,143,,122,133,2.15486E-05,0.012846956,-13
Luxembourg,86871000000,2789000000,1530685000,5.203E+12,2586,145,327,37,671254,154388,92633,3356,1200,0,0,1,0,0,1,0,0,0,0,0,0,0,0,0,0,0,0,0,0,0,0,51000,0,594240000,0,34000,350000,147,0,3,2746,271,luxembourg,110,2.4429,Luxembourg,LU,LUX,442,ISO 3166-2:LU,Europe,Western Europe,,150,155,,99,1,1.48975E-06,0.017620207,11
Zambia,79207000000,3017000000,385321000,16597000000,752618,145,6043,0,20799116,7279691,4139024,374384,15150,0,1200,39,0,0,7,17,0,0,0,41,7,33,0,0,0,0,0,0,0,0,0,34000,0,0,2091000,2081000,7407000,2,0,120,67671,3126,zambia,111,2.4461,Zambia,ZM,ZMB,894,ISO 3166-2:ZM,Africa,Sub-Saharan Africa,Eastern Africa,2,202,14,103,80,3.84632E-06,0.004864734,8
Ghana,2.43124E+11,3624000000,954423756,29241000000,238533,539,2420,1293,34589092,14873310,9961658,622604,15500,0,0,10,0,0,1,3,1,0,0,0,0,4,0,0,0,0,0,0,20,0,176000,96000,3192000000,3912000000,0,51000,13927000,52,4,11,65725,947,ghana,112,2.4566,Ghana,GH,GHA,288,ISO 3166-2:GH,Africa,Sub-Saharan Africa,Western Africa,2,202,11,68,10,2.89108E-07,0.003925667,44
South Sudan,6752000000,128248000,30700000,2722500000,644329,145,6018,0,12703714,6351857,4065188,330297,185000,0,0,9,0,0,2,0,0,0,3,67,13,0,0,0,0,0,0,0,0,0,146000,11000,0,0,0,0,5091000,0,0,89,90200,248,south-sudan,113,2.4645,South Sudan,SS,SSD,728,ISO 3166-2:SS,Africa,Sub-Saharan Africa,Eastern Africa,2,202,14,142,76,5.9825E-06,0.004546801,-29
North Macedonia,43844000000,5252000000,421527100,5637000000,25713,145,838,0,2135622,948216,783773,27763,10010,60000,3500,11,0,0,0,6,0,0,2,0,0,86,0,0,0,0,0,0,0,0,0,24000,0,274928000,4000000,5344000,779200,0,0,13,15170,699,north-macedonia,114,2.4956,,,,,,,,,,,,127,11,5.15072E-06,0.009614248,-13
Dominican Republic,2.76884E+11,13471000000,903000000,35044000000,48320,1288,376,0,10815857,4975294,4034315,97343,89000,189000,30000,40,0,4,6,9,1,0,0,3,0,7,0,0,0,0,0,0,14,0,0,146000,0,2440000000,0,2356000,5413000,40,17,32,19705,496,dominican-republic,115,2.5853,Dominican Republic,DO,DOM,214,ISO 3166-2:DO,Americas,Latin America and the Caribbean,Caribbean,19,419,29,63,43,3.97564E-06,0.003261294,52
Nicaragua,52989000000,6105000000,1311600000,6753000000,130370,910,1253,2220,6676948,3271705,2777610,146893,45000,0,5500,9,0,0,3,1,0,0,0,102,0,191,0,0,0,0,0,0,23,0,200,28000,0,0,0,0,3225000,5,5,39,24033,0,nicaragua,116,2.5894,Nicaragua,NI,NIC,558,ISO 3166-2:NI,Americas,Latin America and the Caribbean,Central America,19,419,13,117,111,1.66244E-05,0.024752307,-1
Republic of the Congo,39147000000,715391000,933360000,6360000000,342000,169,5008,1120,6097665,2256136,1353682,115856,10000,0,2500,6,1,0,2,0,0,0,0,31,2,19,0,0,0,0,0,0,0,0,267000,13000,423000000,423000000,0,0,2563000,11,5,56,23324,510,republic-of-the-congo,117,2.6259,,,,,,,,,,,,129,37,6.0679E-06,0.02384244,-12
Lebanon,65415000000,33301000000,800000000,41619000000,10400,225,484,0,5364482,2092148,1775644,69738,80000,15000,65000,40,0,5,0,5,0,0,0,184,7,193,0,0,0,0,0,0,42,0,0,115000,0,0,0,166000,1939000,51,5,8,21705,401,lebanon,118,2.6521,Lebanon,LB,LBN,422,ISO 3166-2:LB,Asia,Western Asia,,142,145,,109,224,4.17561E-05,0.012229611,9
Eritrea,2534000000,191694000,219000000,461376000,117600,2234,1840,0,6343956,2220385,1598677,76127,350000,680000,0,7,0,0,2,0,0,0,2,67,20,40,0,0,0,0,0,0,18,0,0,5000,0,0,0,0,1710000,9,2,11,16000,306,eritrea,119,2.6841,Eritrea,ER,ERI,232,ISO 3166-2:ER,Africa,Sub-Saharan Africa,Eastern Africa,2,202,14,145,74,1.16646E-05,0.086424625,-26
Niger,47921000000,1442772000,488400000,3793000000,1267000,145,5834,300,26342784,7902835,5294900,447827,25000,0,5000,13,0,1,4,0,1,0,1,0,0,0,0,0,0,0,0,0,0,0,13000,18000,29509000,29858000,427000,426000,10486000,0,0,26,18949,0,niger,120,2.6867,Niger,NE,NER,562,ISO 3166-2:NE,Africa,Sub-Saharan Africa,Western Africa,2,202,11,125,13,4.93494E-07,0.010191774,-5
Afghanistan,82238000000,8852092000,145000000,1929750000,652230,145,5987,1200,40121552,15647405,8826741,842553,75000,0,90000,1,0,0,0,0,0,0,0,0,0,0,0,0,0,0,0,0,0,0,0,58000,80200000,80200000,767000,503000,9133000,0,0,68,34903,0,afghanistan,121,2.7342,Afghanistan,AF,AFG,4,ISO 3166-2:AF,Asia,Southern Asia,,142,34,,101,1,2.49243E-08,0.001763175,20
Namibia,31154000000,3356000000,450498000,9680000000,824292,1572,4220,0,2803660,616805,400923,30840,17567,0,5000,16,5,0,2,6,0,0,1,4,0,25,0,0,0,0,2,0,15,0,0,23000,0,0,0,24000,1131000,15,2,259,48875,2628,namibia,122,2.7414,Namibia,,NAM,516,ISO 3166-2:NA,Africa,Sub-Saharan Africa,Southern Africa,2,202,18,131,22,7.84689E-06,0.014460358,-9
Mauritania,33069000000,2039000000,270625000,3072000000,1030700,754,5002,1086,4328040,1687936,1181555,82233,31540,66000,5000,10,0,2,3,3,1,0,0,26,0,38,0,0,0,0,0,0,6,0,0,32000,0,0,0,0,1210000,11,2,25,12253,728,mauritania,123,2.7919,Mauritania,MR,MRT,478,ISO 3166-2:MR,Africa,Sub-Saharan Africa,Western Africa,2,202,11,130,36,8.31785E-06,0.008183646,-7
Nepal,1.49643E+11,12456000000,431355326,5719000000,147181,145,3159,0,31122387,15249970,11733140,778060,98500,82000,15000,9,0,0,4,0,0,0,0,0,0,8,0,0,0,0,0,0,0,0,0,71000,0,0,9000,1091000,8435000,0,0,51,64500,59,nepal,124,2.8037,Nepal,NP,NPL,524,ISO 3166-2:NP,Asia,Southern Asia,,142,34,,82,9,2.89181E-07,0.002882563,42
Laos,66905000000,1770000000,355600000,9619000000,236800,145,5274,4600,7953556,3499565,2521277,159071,100000,30000,120000,16,0,0,1,4,0,0,0,104,33,63,0,0,0,0,0,0,0,0,0,25000,0,0,16629000,15944000,3585000,1,0,20,59647,422,laos,125,2.8672,Laos,LA,LAO,418,ISO 3166-2:LA,Asia,South-eastern Asia,,142,35,,108,120,1.50876E-05,0.005314999,17
Senegal,83183000000,889295000,777800000,14985000000,196722,531,2684,1000,18847519,7162057,4089912,395798,17000,0,0,18,0,0,2,10,0,0,2,0,0,10,0,0,0,0,0,0,4,0,9000,65000,54646000,54498000,0,138000,5763000,36,6,20,16665,906,senegal,126,2.8925,Senegal,SN,SEN,686,ISO 3166-2:SN,Africa,Sub-Saharan Africa,Western Africa,2,202,11,100,18,9.55033E-07,0.009350468,26
Burkina Faso,60001000000,47138000,4590000000,3565000000,274200,145,3611,0,23042199,8525614,6060098,368675,7500,0,4500,8,0,1,1,0,1,0,2,0,0,3,0,0,0,0,0,0,0,0,0,37000,0,0,0,0,6461000,0,0,49,15304,622,burkina-faso,127,2.9213,Burkina Faso,BF,BFA,854,ISO 3166-2:BF,Africa,Sub-Saharan Africa,Western Africa,2,202,11,112,8,3.47189E-07,0.076498725,15
Montenegro,17375000000,1741000000,204000000,3643000000,13812,294,680,0,599849,143964,85179,3599,2350,0,5500,5,0,0,0,0,0,0,0,0,0,7,0,0,0,0,0,0,14,0,0,9000,0,0,1862000,1658000,245300,18,4,5,7762,250,montenegro,128,2.9782,Montenegro,ME,MNE,499,ISO 3166-2:ME,Europe,Southern Europe,,150,39,,137,5,8.33543E-06,0.011741007,-9
El Salvador,73961000000,3705000000,1037200000,12668000000,21041,307,590,422,6628702,3181777,2512278,145831,25000,0,15000,28,0,8,2,6,0,0,0,0,0,49,0,0,0,0,0,0,8,0,3,56000,0,226472,0,500,2890000,5,3,27,9012,13,el-salvador,129,2.9973,El Salvador,SV,SLV,222,ISO 3166-2:SV,Americas,Latin America and the Caribbean,Central America,19,419,13,104,28,4.22405E-06,0.014023607,25
Botswana,45553000000,3456000000,581000000,1761000000,581730,145,4347,0,2450668,1029281,617568,24507,12000,0,0,18,4,0,4,4,0,0,0,20,5,16,0,0,0,0,0,0,0,0,0,22000,0,0,2242000,1351000,1173000,0,0,122,31747,888,botswana,130,2.9993,Botswana,BW,BWA,72,ISO 3166-2:BW,Africa,Sub-Saharan Africa,Southern Africa,2,202,18,126,38,1.5506E-05,0.012754374,4
Madagascar,52968000000,2785000000,147630000,3548000000,587040,4828,145,600,29452714,11192031,7952233,559602,13500,0,8100,3,0,0,1,0,0,0,0,7,0,9,0,0,0,0,0,0,5,0,0,20000,0,0,0,472000,16519000,29,13,93,31640,836,madagascar,131,3.0381,Madagascar,MG,MDG,450,ISO 3166-2:MG,Africa,Sub-Saharan Africa,Eastern Africa,2,202,14,118,10,3.39527E-07,0.002787155,13
Gabon,48045000000,1447000000,340950000,6442000000,267667,885,3261,1600,2455105,932940,532758,46647,5000,0,2500,11,3,0,1,0,0,0,0,0,0,2,0,0,0,0,0,0,4,0,204000,14000,463000000,463000000,0,0,824400,87,9,42,14300,649,gabon,132,3.0432,Gabon,GA,GAB,266,ISO 3166-2:GA,Africa,Sub-Saharan Africa,Middle Africa,2,202,17,124,11,4.48046E-06,0.007096472,8
Bosnia and Herzegovina,64641000000,9419000000,289920000,5359000000,51197,20,1543,990,3798671,2355176,1956316,49383,18000,8000,0,10,0,0,0,0,0,0,0,29,0,195,0,0,0,0,0,0,0,0,0,34000,0,225824000,12311000,12304000,1356000,0,1,20,8619,965,bosnia-and-herzegovina,133,3.1291,,,,,,,,,,,,110,39,1.02667E-05,0.004485079,23
Iceland,26561000000,6403000000,500000000,24200000000,100250,4970,145,0,364036,83728,50237,1820,0,0,0,0,0,0,0,0,0,0,0,0,0,0,0,0,0,0,0,0,0,0,0,19000,0,0,0,137000,248400,39,43,82,12905,0,iceland,134,3.4013,Iceland,IS,ISL,352,ISO 3166-2:IS,Europe,Northern Europe,,150,154,,134,0,0,0.018824592,0
Panama,1.64484E+11,6856000000,1069750000,1.22709E+12,75420,2490,687,800,4470241,2011608,1206965,53643,16300,0,80000,21,0,0,7,0,1,0,0,0,0,0,0,0,0,0,0,0,14,0,0,131000,0,389611000,0,863000,2206000,8174,12,77,11978,77,panama,135,3.5011,Panama,PA,PAN,591,ISO 3166-2:PA,Americas,Latin America and the Caribbean,Central America,19,419,13,79,21,4.69773E-06,0.006503672,56
Moldova,39342000000,5848000000,114114000,2637000000,33851,145,1885,558,3599528,2159717,1792565,71991,6500,2000,2000,1,0,0,0,0,0,0,0,0,2,34,0,0,0,0,0,0,0,0,0,22000,10000,2344000000,0,90000,1358000,75,0,10,9488,1171,moldova,136,3.6225,Moldova,MD,MDA,498,ISO 3166-2:MD,Europe,Eastern Europe,,150,151,,128,1,2.77814E-07,0.002900564,8
Somalia,26770000000,16747500,870000000,2563000000,637657,3025,2385,0,13017273,2993973,1796384,130173,30000,0,2000,3,0,0,0,0,0,0,0,0,0,0,0,0,0,0,0,0,19,0,0,6000,0,0,0,0,3439000,4,6,40,15000,0,somalia,137,3.7393,Somalia,SO,SOM,706,ISO 3166-2:SO,Africa,Sub-Saharan Africa,Eastern Africa,2,202,14,132,3,2.30463E-07,0.032499066,5
Benin,56424000000,698900000,137690000,6309000000,112622,121,2123,150,14697052,5584880,3189260,308638,4750,0,0,2,0,0,0,0,0,0,0,0,0,7,0,0,0,0,0,0,2,0,0,40000,0,182131000,0,164000,6397000,6,1,10,16000,438,benin,137,3.8963,Benin,BJ,BEN,204,ISO 3166-2:BJ,Africa,Sub-Saharan Africa,Western Africa,2,202,11,116,2,1.36082E-07,0.002440274,21
Kosovo,25019000000,1310000000,1177450000,785739000,10887,145,714,0,1977093,917371,743387,17794,4000,5000,500,0,0,0,0,0,0,0,0,0,0,0,0,0,0,0,0,0,0,0,0,16000,0,0,6924000,6931000,500300,0,0,2,2248,437,kosovo,138,3.8041,,,,,,,,,,,,135,0,0,0.047062233,3
Sierra Leone,26728000000,495699000,450000000,1451000000,71740,402,1093,800,9121049,2006631,1203978,45605,13000,0,0,0,0,0,0,0,0,0,0,0,0,0,0,0,0,0,0,0,10,0,0,9000,0,0,0,0,2863000,584,3,8,11701,0,sierra-leone,140,3.9201,Sierra Leone,SL,SLE,694,ISO 3166-2:SL,Africa,Sub-Saharan Africa,Western Africa,2,202,11,133,0,0,0.016836277,7
Liberia,9308000000,599660000,20700000,1335000000,111369,579,1667,0,5437249,2392390,1913912,65247,2100,0,5500,0,0,0,0,0,0,0,0,0,0,0,0,0,0,0,0,0,6,0,0,5000,0,0,0,0,2607000,4821,4,19,10600,429,liberia,141,3.9275,Liberia,LR,LBR,430,ISO 3166-2:LR,Africa,Sub-Saharan Africa,Western Africa,2,202,11,141,0,0,0.002223893,0
Suriname,12316000000,1632000000,58440000,2645000000,163820,386,1907,1200,646758,142287,84079,3234,2500,0,200,1,0,0,0,0,0,0,0,0,0,0,0,0,0,0,0,0,17,0,14000,17000,7109000,6967000,0,0,255500,13,4,55,4304,0,suriname,142,4.0538,Suriname,SR,SUR,740,ISO 3166-2:SR,Americas,Latin America and the Caribbean,South America,19,419,5,139,1,1.54617E-06,0.004745047,3
Central African Republic,5926000000,374405000,300000000,724179000,622984,145,5920,2800,5650957,2203873,1254512,101717,30000,0,1000,2,0,2,0,0,0,0,0,0,0,0,0,0,0,0,0,0,0,0,0,2000,0,0,0,0,2000000,0,0,43,24000,0,central-african-republic,143,4.2381,Central African Republic,CF,CAF,140,ISO 3166-2:CF,Africa,Sub-Saharan Africa,Middle Africa,2,202,17,143,2,3.53922E-07,0.050624367,0
Beliz,5538000000,498087000,34400000,1235000000,22966,386,542,825,415789,158000,90226,8732,2000,850,0,1,0,0,0,0,0,0,0,0,0,0,0,0,0,0,0,0,15,0,800,5000,0,0,0,0,190000,774,2,27,3281,0,beliz,144,4.3602,,,,,,,,,,,,144,1,2.40507E-06,0.006211629,0
Bhutan,11517000000,941018000,26600000,2827000000,38394,145,1136,0,884546,203446,122067,4423,16000,50000,0,1,0,0,0,0,0,0,0,0,0,0,0,0,0,0,0,0,0,0,0,4000,0,0,4000,105000,406500,0,0,4,12205,0,bhutan,145,5.7991,Bhutan,BT,BTN,64,ISO 3166-2:BT,Asia,Southern Asia,,142,34,,140,1,1.13052E-06,0.002309629,5